CPD-130	EC:🔴	строки 8056-8108	Текст отказа входа называет постороннему имя машины жертвы; полный список активных экземпляров уходи
CPD-131	EC:🔴	строки 8109-8177	Содержимое продукта (промпты кабинетов) выдаётся по предъявительскому пропуску и хранится на сервере
CPD-132	EC:🔴	строки 8178-8232	Мигающий тест, защищающий инвариант «клиентский заголовок доступа не уходит наверх»: неизвестно, миг
CPD-133	EC:❓	строки 5703-5779	описание команды в пакете содержимого ключуется голым именем: одноимённые команды разных кабинетов д
CPD-134	EC:❓	строки 8233-8288	Узел гейтит облачную работу по объединению ВСЕХ продуктов машины, а билет входа выдаёт кабинеты ОДНО
CPD-135	EC:🔴	строки 8289-8349	Приёмочный набор облачного контура под нагрузкой не отличает сломанный защитный инвариант от отвалив
CPD-136	EC:❓	строки 8350-8475	Имена клиентов в боевой базе (`licenses.customer`) испорчены двойной перекодировкой CP1251↔UTF-8
CPD-137	EC:❓	строки 8476-8547	Проверка закрепляет ПОДОБИЕ свойства вместо самого свойства и остаётся зелёной при живом дефекте
CPD-138	EC:❓	строки 8548-8624	Очистка рабочей папки кабинета стирает документы клиента мимо корзины, молча
CPD-139	EC:🟡	строки 8625-8746	Общий гейт, выведенный из «этот вход всё равно бесполезен», убивает программу, для которой он был ос
CPD-142	EC:❓	строки 9286-9408	Сторож свежести содержимого определяет свой охват тем, что лежит на диске, а не тем, что уезжает кли
CPD-143	EC:❓	строки 9409-9604	Панель выдачи лицензий принимает в поле отпечатка что угодно длиннее 16 знаков и не хеширует сама: в
CPD-146	EC:❓	строки 9777-9828	Подпись контент-пака проверяет только файлы, попавшие в глоб `*.json`; каталог `help/` и остальные ф
CPD-147	EC:❓	строки 9829-9870	Признак свежести контент-пака не меняется при изменении содержимого — обновление молча не доезжает д
CPD-150	EC:❓	строки 9946-9999	Замок на локальный ИИ-режим требует скачанный корпус НПА, но юридический поиск читает из ДРУГОГО, не
CPD-165	EC:🔴	строки 11285-11367	Клиент сам снимает задание на сервере, и это неотличимо от нажатия «Остановить»
CPD-180	EC:🔴	строки 11934-12005	«Входящие» клиента стираются безвозвратно, мимо корзины, и документ обещает обратное
CPD-188	EC:❓	строки 12277-12305	Анти-откат по дате сборки сравнивает местное время клиента с датой сборки в UTC без буфера: сборка в
